"Status","Start Time","Stop Time","Duration in ms","Parent Suite","Suite","Sub Suite","Test Class","Test Method","Name","Description"
"passed","Wed Sep 23 14:02:40 UTC 2026","Wed Sep 23 14:02:52 UTC 2026","11229","tests","test_results","","","","test_validateTheResultsTitle[chromium]",""
"passed","Wed Sep 23 14:02:12 UTC 2026","Wed Sep 23 14:02:12 UTC 2026","154","tests","test_home","","","","test_validateTheHeaders[chromium]",""
"passed","Wed Sep 23 14:02:03 UTC 2026","Wed Sep 23 14:02:03 UTC 2026","1","tests","test_dataHandling","","","","test_env",""
"broken","Wed Sep 23 14:02:03 UTC 2026","Wed Sep 23 14:02:04 UTC 2026","1060","tests","test_advance","","","","test_geoLocations",""
"passed","Wed Sep 23 14:02:05 UTC 2026","Wed Sep 23 14:02:05 UTC 2026","0","tests","test_dataHandling","","","","test_csvHandling",""
"broken","Wed Sep 23 14:02:08 UTC 2026","Wed Sep 23 14:02:39 UTC 2026","30748","tests","test_login","","","","test_sign_out[chromium]",""
"passed","Wed Sep 23 14:02:04 UTC 2026","Wed Sep 23 14:02:04 UTC 2026","439","test_api","test_getApi","","","","test_ui",""
"passed","Wed Sep 23 14:02:08 UTC 2026","Wed Sep 23 14:02:11 UTC 2026","2581","tests","test_home","","","","test_validateThePageComponents[chromium]",""
"passed","Wed Sep 23 14:02:03 UTC 2026","Wed Sep 23 14:02:03 UTC 2026","0","tests","test_dataHandling","","","","test_jsonHandling",""
"broken","Wed Sep 23 14:02:11 UTC 2026","Wed Sep 23 14:02:26 UTC 2026","15380","tests","test_results","","","","test_search_results_only_show_iphone_products[chromium]",""
"passed","Wed Sep 23 14:02:04 UTC 2026","Wed Sep 23 14:02:05 UTC 2026","169","test_api","test_getApi","","","","test_post",""
"passed","Wed Sep 23 14:02:03 UTC 2026","Wed Sep 23 14:02:03 UTC 2026","1","tests","test_dataHandling","","","","test_CLI",""
"broken","Wed Sep 23 14:02:03 UTC 2026","Wed Sep 23 14:02:03 UTC 2026","0","tests","test_dataHandling","","","","test_excel",""
"broken","Wed Sep 23 14:02:03 UTC 2026","Wed Sep 23 14:02:05 UTC 2026","1079","tests","test_advance","","","","test_screenshots",""
"broken","Wed Sep 23 14:02:05 UTC 2026","Wed Sep 23 14:02:06 UTC 2026","635","tests","test_advance","","","","test_mobile",""
"broken","Wed Sep 23 14:02:08 UTC 2026","Wed Sep 23 14:02:39 UTC 2026","30892","tests","test_login","","","","Login Test","This test validates the login functionality of the application."
"broken","Wed Sep 23 14:02:03 UTC 2026","Wed Sep 23 14:02:05 UTC 2026","1068","tests","test_advance","","","","test_dimensions",""
"broken","Wed Sep 23 14:02:41 UTC 2026","Wed Sep 23 14:03:11 UTC 2026","30408","tests","test_login","","","","test_negative_login[chromium]",""
"broken","Wed Sep 23 14:02:05 UTC 2026","Wed Sep 23 14:02:06 UTC 2026","618","tests","test_advance","","","","test_netWorkmocking",""
"passed","Wed Sep 23 14:02:03 UTC 2026","Wed Sep 23 14:02:03 UTC 2026","4","tests","test_dataHandling","","","","test_csvHandling_write",""
"broken","Wed Sep 23 14:02:04 UTC 2026","Wed Sep 23 14:02:04 UTC 2026","0","tests","test_dataHandling","","","","test_excel_write",""
